transition_id,file,line,target,kind,via,identity_viewers,movement_viewers,position_viewers,anchor,rules_cite,routed,snippet
UNGROUPED,Assets/Scripts/Engine/GameEngine.cs,81,Deck,helper ShuffleInPlace(arg0),interprocedural via ShuffleInPlace,TODO,TODO,TODO,TODO,TODO,no,"ShuffleInPlace(state.Players['south'].Deck, $'{state.Seed}:south:opening')"
UNGROUPED,Assets/Scripts/Engine/GameEngine.cs,82,Deck,helper ShuffleInPlace(arg0),interprocedural via ShuffleInPlace,TODO,TODO,TODO,TODO,TODO,no,"ShuffleInPlace(state.Players['north'].Deck, $'{state.Seed}:north:opening')"
UNGROUPED,Assets/Scripts/Engine/GameEngine.cs,100,CardInstance.Zone,privacy-bearing write,direct,TODO,TODO,TODO,TODO,TODO,no,"c.Zone = 'deck'"
UNGROUPED,Assets/Scripts/Engine/GameEngine.cs,101,Deck,call .AddRange(),direct,TODO,TODO,TODO,TODO,TODO,no,"p.Deck.AddRange(p.Hand)"
UNGROUPED,Assets/Scripts/Engine/GameEngine.cs,102,Hand,call .Clear(),direct,TODO,TODO,TODO,TODO,TODO,no,"p.Hand.Clear()"
UNGROUPED,Assets/Scripts/Engine/GameEngine.cs,103,Deck,helper ShuffleInPlace(arg0),interprocedural via ShuffleInPlace,TODO,TODO,TODO,TODO,TODO,no,"ShuffleInPlace(p.Deck, $'{state.Seed}:{seat}:mulligan')"
UNGROUPED,Assets/Scripts/Engine/GameEngine.cs,922,CostArea,call .RemoveAt(),direct,TODO,TODO,TODO,TODO,TODO,no,"p.CostArea.RemoveAt(idx)"
UNGROUPED,Assets/Scripts/Engine/GameEngine.cs,1160,Deck,call .Add(),direct,TODO,TODO,TODO,TODO,TODO,no,"p.Deck.Add(CreateInstance(deckIds[i], seat, 'deck', (i + 1).ToString()))"
UNGROUPED,Assets/Scripts/Engine/GameEngine.cs,1171,CardInstance.Zone,object-initializer assignment,direct,TODO,TODO,TODO,TODO,TODO,no,"Zone = zone"
UNGROUPED,Assets/Scripts/Engine/GameEngine.cs,1189,Deck,helper Shift(arg0),interprocedural via Shift,TODO,TODO,TODO,TODO,TODO,no,"Shift(p.Deck)"
UNGROUPED,Assets/Scripts/Engine/GameEngine.cs,1190,CardInstance.Zone,privacy-bearing write,direct,TODO,TODO,TODO,TODO,TODO,no,"top.Zone = 'life'"
UNGROUPED,Assets/Scripts/Engine/GameEngine.cs,1190,Life,call .Add(),direct,TODO,TODO,TODO,TODO,TODO,no,"p.Life.Add(top)"
UNGROUPED,Assets/Scripts/Engine/GameEngine.cs,1263,CostArea,call .Add(),direct,TODO,TODO,TODO,TODO,TODO,no,"p.CostArea.Add(new DonInstance { InstanceId = donId, Rested = true })"
UNGROUPED,Assets/Scripts/Engine/GameEngine.cs,1270,Deck,helper Shift(arg0),interprocedural via Shift,TODO,TODO,TODO,TODO,TODO,no,"Shift(p.Deck)"
UNGROUPED,Assets/Scripts/Engine/GameEngine.cs,1272,CardInstance.Zone,privacy-bearing write,direct,TODO,TODO,TODO,TODO,TODO,no,"top.Zone = 'hand'"
UNGROUPED,Assets/Scripts/Engine/GameEngine.cs,1273,Hand,call .Add(),direct,TODO,TODO,TODO,TODO,TODO,no,"p.Hand.Add(top)"
UNGROUPED,Assets/Scripts/Engine/GameEngine.cs,1288,CostArea,call .Add(),direct,TODO,TODO,TODO,TODO,TODO,no,"p.CostArea.Add(CreateDonInstance(seat, p))"
UNGROUPED,Assets/Scripts/Engine/GameEngine.cs,1320,Hand,call .RemoveAt(),direct,TODO,TODO,TODO,TODO,TODO,no,"p.Hand.RemoveAt(oldIndex)"
UNGROUPED,Assets/Scripts/Engine/GameEngine.cs,1323,Hand,call .Insert(),direct,TODO,TODO,TODO,TODO,TODO,no,"p.Hand.Insert(insertIndex, card)"
UNGROUPED,Assets/Scripts/Engine/GameEngine.cs,1336,Trash,call .RemoveAt(),direct,TODO,TODO,TODO,TODO,TODO,no,"p.Trash.RemoveAt(oldIndex)"
UNGROUPED,Assets/Scripts/Engine/GameEngine.cs,1339,Trash,call .Insert(),direct,TODO,TODO,TODO,TODO,TODO,no,"p.Trash.Insert(insertIndex, card)"
UNGROUPED,Assets/Scripts/Engine/GameEngine.cs,1355,Trash,call .Clear(),direct,TODO,TODO,TODO,TODO,TODO,no,"p.Trash.Clear()"
UNGROUPED,Assets/Scripts/Engine/GameEngine.cs,1356,Trash,call .AddRange(),direct,TODO,TODO,TODO,TODO,TODO,no,"p.Trash.AddRange(sorted)"
UNGROUPED,Assets/Scripts/Engine/GameEngine.cs,1371,Hand,call .RemoveAt(),direct,TODO,TODO,TODO,TODO,TODO,no,"p.Hand.RemoveAt(index)"
UNGROUPED,Assets/Scripts/Engine/GameEngine.cs,1380,Hand,call .Add(),direct,TODO,TODO,TODO,TODO,TODO,no,"p.Hand.Add(instance)"
UNGROUPED,Assets/Scripts/Engine/GameEngine.cs,1392,Hand,call .Add(),direct,TODO,TODO,TODO,TODO,TODO,no,"p.Hand.Add(instance)"
UNGROUPED,Assets/Scripts/Engine/GameEngine.cs,1401,CardInstance.Zone,privacy-bearing write,direct,TODO,TODO,TODO,TODO,TODO,no,"instance.Zone = 'character'"
UNGROUPED,Assets/Scripts/Engine/GameEngine.cs,1402,CharacterArea,indexer assignment,direct,TODO,TODO,TODO,TODO,TODO,no,"p.CharacterArea[openSlot] = instance"
UNGROUPED,Assets/Scripts/Engine/GameEngine.cs,1407,CardInstance.Zone,privacy-bearing write,direct,TODO,TODO,TODO,TODO,TODO,no,"instance.Zone = 'stage'"
UNGROUPED,Assets/Scripts/Engine/GameEngine.cs,1408,Stage,whole-field replacement,direct,TODO,TODO,TODO,TODO,TODO,no,"p.Stage = instance"
UNGROUPED,Assets/Scripts/Engine/GameEngine.cs,1412,CardInstance.Zone,privacy-bearing write,direct,TODO,TODO,TODO,TODO,TODO,no,"instance.Zone = 'trash'"
UNGROUPED,Assets/Scripts/Engine/GameEngine.cs,1413,Trash,call .Add(),direct,TODO,TODO,TODO,TODO,TODO,no,"p.Trash.Add(instance)"
UNGROUPED,Assets/Scripts/Engine/GameEngine.cs,1420,Hand,call .RemoveAt(),direct,TODO,TODO,TODO,TODO,TODO,no,"p.Hand.RemoveAt(p.Hand.Count - 1)"
UNGROUPED,Assets/Scripts/Engine/GameEngine.cs,1421,CardInstance.Zone,privacy-bearing write,direct,TODO,TODO,TODO,TODO,TODO,no,"taxed.Zone = 'deck'"
UNGROUPED,Assets/Scripts/Engine/GameEngine.cs,1422,Deck,call .Add(),direct,TODO,TODO,TODO,TODO,TODO,no,"p.Deck.Add(taxed)"
UNGROUPED,Assets/Scripts/Engine/GameEngine.cs,1501,CostArea,whole-field replacement,direct,TODO,TODO,TODO,TODO,TODO,no,"p.CostArea = p.CostArea.Where(d => !movingIds.Contains(d.InstanceId)).ToList()"
UNGROUPED,Assets/Scripts/Engine/GameEngine.cs,1644,Deck,helper Shift(arg0),interprocedural via Shift,TODO,TODO,TODO,TODO,TODO,no,"Shift(p.Deck)"
UNGROUPED,Assets/Scripts/Engine/GameEngine.cs,1645,GameState.DeckLook,privacy-bearing write,direct,TODO,TODO,TODO,TODO,TODO,no,"state.DeckLook = new DeckLookState              {                  Seat = seat,           …"
UNGROUPED,Assets/Scripts/Engine/GameEngine.cs,1659,DeckLookState.Cards,object-initializer assignment,direct,TODO,TODO,TODO,TODO,TODO,no,"Cards = looked"
UNGROUPED,Assets/Scripts/Engine/GameEngine.cs,1676,Deck,helper Shift(arg0),interprocedural via Shift,TODO,TODO,TODO,TODO,TODO,no,"Shift(p.Deck)"
UNGROUPED,Assets/Scripts/Engine/GameEngine.cs,1677,GameState.DeckLook,privacy-bearing write,direct,TODO,TODO,TODO,TODO,TODO,no,"state.DeckLook = new DeckLookState              {                  Seat = seat,           …"
UNGROUPED,Assets/Scripts/Engine/GameEngine.cs,1684,DeckLookState.Cards,object-initializer assignment,direct,TODO,TODO,TODO,TODO,TODO,no,"Cards = looked"
UNGROUPED,Assets/Scripts/Engine/GameEngine.cs,1706,DeckLookState.Cards,call .Remove(),direct,TODO,TODO,TODO,TODO,TODO,no,"dl.Cards.Remove(c)"
UNGROUPED,Assets/Scripts/Engine/GameEngine.cs,1710,CardInstance.Zone,privacy-bearing write,direct,TODO,TODO,TODO,TODO,TODO,no,"tops[i].Zone = 'deck'"
UNGROUPED,Assets/Scripts/Engine/GameEngine.cs,1711,Deck,call .Insert(),direct,TODO,TODO,TODO,TODO,TODO,no,"p.Deck.Insert(0, tops[i])"
UNGROUPED,Assets/Scripts/Engine/GameEngine.cs,1713,CardInstance.Zone,privacy-bearing write,direct,TODO,TODO,TODO,TODO,TODO,no,"c.Zone = 'deck'"
UNGROUPED,Assets/Scripts/Engine/GameEngine.cs,1713,Deck,call .Add(),direct,TODO,TODO,TODO,TODO,TODO,no,"p.Deck.Add(c)"
UNGROUPED,Assets/Scripts/Engine/GameEngine.cs,1724,Deck,call .Clear(),direct,TODO,TODO,TODO,TODO,TODO,no,"p.Deck.Clear()"
UNGROUPED,Assets/Scripts/Engine/GameEngine.cs,1725,GameState.DeckLook,privacy-bearing write,direct,TODO,TODO,TODO,TODO,TODO,no,"state.DeckLook = new DeckLookState              {                  Seat = seat,           …"
UNGROUPED,Assets/Scripts/Engine/GameEngine.cs,1732,DeckLookState.Cards,object-initializer assignment,direct,TODO,TODO,TODO,TODO,TODO,no,"Cards = allCards"
UNGROUPED,Assets/Scripts/Engine/GameEngine.cs,1801,DeckLookState.Cards,call .RemoveAt(),direct,TODO,TODO,TODO,TODO,TODO,no,"dl.Cards.RemoveAt(idx)"
UNGROUPED,Assets/Scripts/Engine/GameEngine.cs,1804,CardInstance.Zone,privacy-bearing write,direct,TODO,TODO,TODO,TODO,TODO,no,"taken.Zone = 'trash'"
UNGROUPED,Assets/Scripts/Engine/GameEngine.cs,1805,Trash,call .Add(),direct,TODO,TODO,TODO,TODO,TODO,no,"p.Trash.Add(taken)"
UNGROUPED,Assets/Scripts/Engine/GameEngine.cs,1815,DeckLookState.Cards,call .Insert(),direct,TODO,TODO,TODO,TODO,TODO,no,"dl.Cards.Insert(Math.Min(idx, dl.Cards.Count), taken)"
UNGROUPED,Assets/Scripts/Engine/GameEngine.cs,1819,CardInstance.Zone,privacy-bearing write,direct,TODO,TODO,TODO,TODO,TODO,no,"taken.Zone = 'character'"
UNGROUPED,Assets/Scripts/Engine/GameEngine.cs,1822,CharacterArea,indexer assignment,direct,TODO,TODO,TODO,TODO,TODO,no,"p.CharacterArea[slotPM] = taken"
UNGROUPED,Assets/Scripts/Engine/GameEngine.cs,1830,CardInstance.Zone,privacy-bearing write,direct,TODO,TODO,TODO,TODO,TODO,no,"taken.Zone = 'hand'"
UNGROUPED,Assets/Scripts/Engine/GameEngine.cs,1831,Hand,call .Add(),direct,TODO,TODO,TODO,TODO,TODO,no,"p.Hand.Add(taken)"
UNGROUPED,Assets/Scripts/Engine/GameEngine.cs,1850,DeckLookState.Cards,helper ShuffleInPlace(arg0),interprocedural via ShuffleInPlace,TODO,TODO,TODO,TODO,TODO,no,"ShuffleInPlace(dl.Cards, shuffleSeed)"
UNGROUPED,Assets/Scripts/Engine/GameEngine.cs,1851,CardInstance.Zone,privacy-bearing write,direct,TODO,TODO,TODO,TODO,TODO,no,"c.Zone = 'deck'"
UNGROUPED,Assets/Scripts/Engine/GameEngine.cs,1851,Deck,call .Add(),direct,TODO,TODO,TODO,TODO,TODO,no,"p.Deck.Add(c)"
UNGROUPED,Assets/Scripts/Engine/GameEngine.cs,1861,CardInstance.Zone,privacy-bearing write,direct,TODO,TODO,TODO,TODO,TODO,no,"c.Zone = 'trash'"
UNGROUPED,Assets/Scripts/Engine/GameEngine.cs,1861,Trash,call .Add(),direct,TODO,TODO,TODO,TODO,TODO,no,"p.Trash.Add(c)"
UNGROUPED,Assets/Scripts/Engine/GameEngine.cs,1863,DeckLookState.Cards,call .Clear(),direct,TODO,TODO,TODO,TODO,TODO,no,"dl.Cards.Clear()"
UNGROUPED,Assets/Scripts/Engine/GameEngine.cs,1886,DeckLookState.Ordered,privacy-bearing write,direct,TODO,TODO,TODO,TODO,TODO,no,"dl.Ordered = ordered"
UNGROUPED,Assets/Scripts/Engine/GameEngine.cs,1887,DeckLookState.Cards,call .Clear(),direct,TODO,TODO,TODO,TODO,TODO,no,"dl.Cards.Clear()"
UNGROUPED,Assets/Scripts/Engine/GameEngine.cs,1896,GameState.DeckLook,privacy-bearing write,direct,TODO,TODO,TODO,TODO,TODO,no,"state.DeckLook = null"
UNGROUPED,Assets/Scripts/Engine/GameEngine.cs,1923,CardInstance.Zone,privacy-bearing write,direct,TODO,TODO,TODO,TODO,TODO,no,"dl.Ordered[i].Zone = 'life'"
UNGROUPED,Assets/Scripts/Engine/GameEngine.cs,1924,Life,call .Add(),direct,TODO,TODO,TODO,TODO,TODO,no,"p.Life.Add(dl.Ordered[i])"
UNGROUPED,Assets/Scripts/Engine/GameEngine.cs,1935,CardInstance.Zone,privacy-bearing write,direct,TODO,TODO,TODO,TODO,TODO,no,"dl.Ordered[i].Zone = 'deck'"
UNGROUPED,Assets/Scripts/Engine/GameEngine.cs,1936,Deck,call .Insert(),direct,TODO,TODO,TODO,TODO,TODO,no,"p.Deck.Insert(0, dl.Ordered[i])"
UNGROUPED,Assets/Scripts/Engine/GameEngine.cs,1944,CardInstance.Zone,privacy-bearing write,direct,TODO,TODO,TODO,TODO,TODO,no,"c.Zone = 'deck'"
UNGROUPED,Assets/Scripts/Engine/GameEngine.cs,1945,Deck,call .Add(),direct,TODO,TODO,TODO,TODO,TODO,no,"p.Deck.Add(c)"
UNGROUPED,Assets/Scripts/Engine/GameEngine.cs,2379,Hand,call .RemoveAt(),direct,TODO,TODO,TODO,TODO,TODO,no,"defender.Hand.RemoveAt(index)"
UNGROUPED,Assets/Scripts/Engine/GameEngine.cs,2380,CardInstance.Zone,privacy-bearing write,direct,TODO,TODO,TODO,TODO,TODO,no,"counterCard.Zone = 'trash'"
UNGROUPED,Assets/Scripts/Engine/GameEngine.cs,2381,Trash,call .Add(),direct,TODO,TODO,TODO,TODO,TODO,no,"defender.Trash.Add(counterCard)"
UNGROUPED,Assets/Scripts/Engine/GameEngine.cs,2428,Life,helper Pop(arg0),interprocedural via Pop,TODO,TODO,TODO,TODO,TODO,no,"Pop(p.Life)"
UNGROUPED,Assets/Scripts/Engine/GameEngine.cs,2438,CardInstance.Zone,privacy-bearing write,direct,TODO,TODO,TODO,TODO,TODO,no,"cardFromLife.Zone = 'deck'"
UNGROUPED,Assets/Scripts/Engine/GameEngine.cs,2439,CardInstance.FaceUp,privacy-bearing write,direct,TODO,TODO,TODO,TODO,TODO,no,"cardFromLife.FaceUp = false"
UNGROUPED,Assets/Scripts/Engine/GameEngine.cs,2440,Deck,call .Add(),direct,TODO,TODO,TODO,TODO,TODO,no,"p.Deck.Add(cardFromLife)"
UNGROUPED,Assets/Scripts/Engine/GameEngine.cs,2445,CardInstance.Zone,privacy-bearing write,direct,TODO,TODO,TODO,TODO,TODO,no,"cardFromLife.Zone = 'hand'"
UNGROUPED,Assets/Scripts/Engine/GameEngine.cs,2446,Hand,call .Add(),direct,TODO,TODO,TODO,TODO,TODO,no,"p.Hand.Add(cardFromLife)"
UNGROUPED,Assets/Scripts/Engine/GameEngine.cs,2467,Life,helper Pop(arg0),interprocedural via Pop,TODO,TODO,TODO,TODO,TODO,no,"Pop(p.Life)"
UNGROUPED,Assets/Scripts/Engine/GameEngine.cs,2477,CardInstance.Zone,privacy-bearing write,direct,TODO,TODO,TODO,TODO,TODO,no,"lifeCard.Zone = 'trash'"
UNGROUPED,Assets/Scripts/Engine/GameEngine.cs,2478,Trash,call .Add(),direct,TODO,TODO,TODO,TODO,TODO,no,"p.Trash.Add(lifeCard)"
UNGROUPED,Assets/Scripts/Engine/GameEngine.cs,2490,Life,helper Pop(arg0),interprocedural via Pop,TODO,TODO,TODO,TODO,TODO,no,"Pop(p.Life)"
UNGROUPED,Assets/Scripts/Engine/GameEngine.cs,2499,BattleState.RevealedLife,privacy-bearing write,direct,TODO,TODO,TODO,TODO,TODO,no,"state.Battle.RevealedLife = cardFromLife"
UNGROUPED,Assets/Scripts/Engine/GameEngine.cs,2513,CardInstance.Zone,privacy-bearing write,direct,TODO,TODO,TODO,TODO,TODO,no,"cardFromLife.Zone = 'hand'"
UNGROUPED,Assets/Scripts/Engine/GameEngine.cs,2514,Hand,call .Add(),direct,TODO,TODO,TODO,TODO,TODO,no,"p.Hand.Add(cardFromLife)"
UNGROUPED,Assets/Scripts/Engine/GameEngine.cs,2521,BattleState.RevealedLife,privacy-bearing write,direct,TODO,TODO,TODO,TODO,TODO,no,"state.Battle.RevealedLife = null"
UNGROUPED,Assets/Scripts/Engine/GameEngine.cs,2538,Life,helper Pop(arg0),interprocedural via Pop,TODO,TODO,TODO,TODO,TODO,no,"Pop(p.Life)"
UNGROUPED,Assets/Scripts/Engine/GameEngine.cs,2548,CardInstance.Zone,privacy-bearing write,direct,TODO,TODO,TODO,TODO,TODO,no,"lifeCard.Zone = 'trash'"
UNGROUPED,Assets/Scripts/Engine/GameEngine.cs,2549,Trash,call .Add(),direct,TODO,TODO,TODO,TODO,TODO,no,"p.Trash.Add(lifeCard)"
UNGROUPED,Assets/Scripts/Engine/GameEngine.cs,2707,CharacterArea,indexer assignment,direct,TODO,TODO,TODO,TODO,TODO,no,"pDef.CharacterArea[di] = null"
UNGROUPED,Assets/Scripts/Engine/GameEngine.cs,2708,CardInstance.Zone,privacy-bearing write,direct,TODO,TODO,TODO,TODO,TODO,no,"defender.Zone = 'deck'"
UNGROUPED,Assets/Scripts/Engine/GameEngine.cs,2710,Deck,call .Add(),direct,TODO,TODO,TODO,TODO,TODO,no,"pDef.Deck.Add(defender)"
UNGROUPED,Assets/Scripts/Engine/GameEngine.cs,2949,Hand,call .RemoveAt(),direct,TODO,TODO,TODO,TODO,TODO,no,"p.Hand.RemoveAt(p.Hand.Count - 1)"
UNGROUPED,Assets/Scripts/Engine/GameEngine.cs,2949,CardInstance.Zone,privacy-bearing write,direct,TODO,TODO,TODO,TODO,TODO,no,"hc.Zone = 'trash'"
UNGROUPED,Assets/Scripts/Engine/GameEngine.cs,2949,Trash,call .Add(),direct,TODO,TODO,TODO,TODO,TODO,no,"p.Trash.Add(hc)"
UNGROUPED,Assets/Scripts/Engine/GameEngine.cs,2986,Trash,call .RemoveAt(),direct,TODO,TODO,TODO,TODO,TODO,no,"p.Trash.RemoveAt(p.Trash.Count - 1)"
UNGROUPED,Assets/Scripts/Engine/GameEngine.cs,2986,CardInstance.Zone,privacy-bearing write,direct,TODO,TODO,TODO,TODO,TODO,no,"tc.Zone = 'deck'"
UNGROUPED,Assets/Scripts/Engine/GameEngine.cs,2986,Deck,call .Add(),direct,TODO,TODO,TODO,TODO,TODO,no,"p.Deck.Add(tc)"
UNGROUPED,Assets/Scripts/Engine/GameEngine.cs,2994,Life,helper Pop(arg0),interprocedural via Pop,TODO,TODO,TODO,TODO,TODO,no,"Pop(p.Life)"
UNGROUPED,Assets/Scripts/Engine/GameEngine.cs,2994,CardInstance.Zone,privacy-bearing write,direct,TODO,TODO,TODO,TODO,TODO,no,"lc.Zone = 'hand'"
UNGROUPED,Assets/Scripts/Engine/GameEngine.cs,2994,Hand,call .Add(),direct,TODO,TODO,TODO,TODO,TODO,no,"p.Hand.Add(lc)"
UNGROUPED,Assets/Scripts/Engine/GameEngine.cs,3002,CardInstance.FaceUp,privacy-bearing write,direct,TODO,TODO,TODO,TODO,TODO,no,"p.Life[i].FaceUp = true"
UNGROUPED,Assets/Scripts/Engine/GameEngine.cs,3025,CharacterArea,indexer assignment,direct,TODO,TODO,TODO,TODO,TODO,no,"p.CharacterArea[idx] = null"
UNGROUPED,Assets/Scripts/Engine/GameEngine.cs,3026,CardInstance.Zone,privacy-bearing write,direct,TODO,TODO,TODO,TODO,TODO,no,"mv.Zone = 'deck'"
UNGROUPED,Assets/Scripts/Engine/GameEngine.cs,3026,Deck,call .Add(),direct,TODO,TODO,TODO,TODO,TODO,no,"p.Deck.Add(mv)"
UNGROUPED,Assets/Scripts/Engine/GameEngine.cs,3300,CostArea,call .RemoveAt(),direct,TODO,TODO,TODO,TODO,TODO,no,"payer.CostArea.RemoveAt(di)"
UNGROUPED,Assets/Scripts/Engine/GameEngine.cs,4101,Trash,call .RemoveAt(),direct,TODO,TODO,TODO,TODO,TODO,no,"p.Trash.RemoveAt(p.Trash.Count - 1)"
UNGROUPED,Assets/Scripts/Engine/GameEngine.cs,4102,CardInstance.Zone,privacy-bearing write,direct,TODO,TODO,TODO,TODO,TODO,no,"tc.Zone = 'deck'"
UNGROUPED,Assets/Scripts/Engine/GameEngine.cs,4103,Deck,call .Add(),direct,TODO,TODO,TODO,TODO,TODO,no,"p.Deck.Add(tc)"
UNGROUPED,Assets/Scripts/Engine/GameEngine.cs,4105,Deck,helper ShuffleInPlace(arg0),interprocedural via ShuffleInPlace,TODO,TODO,TODO,TODO,TODO,no,"ShuffleInPlace(p.Deck, $'{state.Seed}:{seat}:costshuffle:{state.EffectSequence}')"
UNGROUPED,Assets/Scripts/Engine/GameEngine.cs,4119,CardInstance.FaceUp,privacy-bearing write,direct,TODO,TODO,TODO,TODO,TODO,no,"p.Life[p.Life.Count - 1 - i].FaceUp = true"
UNGROUPED,Assets/Scripts/Engine/GameEngine.cs,4136,Life,call .RemoveAt(),direct,TODO,TODO,TODO,TODO,TODO,no,"p.Life.RemoveAt(p.Life.Count - 1)"
UNGROUPED,Assets/Scripts/Engine/GameEngine.cs,4137,CardInstance.Zone,privacy-bearing write,direct,TODO,TODO,TODO,TODO,TODO,no,"lc.Zone = 'hand'"
UNGROUPED,Assets/Scripts/Engine/GameEngine.cs,4138,Hand,call .Add(),direct,TODO,TODO,TODO,TODO,TODO,no,"p.Hand.Add(lc)"
UNGROUPED,Assets/Scripts/Engine/GameEngine.cs,4605,Hand,call .RemoveAt(),direct,TODO,TODO,TODO,TODO,TODO,no,"owner.Hand.RemoveAt(chIdx)"
UNGROUPED,Assets/Scripts/Engine/GameEngine.cs,4606,CardInstance.Zone,privacy-bearing write,direct,TODO,TODO,TODO,TODO,TODO,no,"costCard.Zone = 'trash'"
UNGROUPED,Assets/Scripts/Engine/GameEngine.cs,4607,Trash,call .Add(),direct,TODO,TODO,TODO,TODO,TODO,no,"owner.Trash.Add(costCard)"
UNGROUPED,Assets/Scripts/Engine/GameEngine.cs,4639,Trash,call .RemoveAt(),direct,TODO,TODO,TODO,TODO,TODO,no,"owner.Trash.RemoveAt(ctIdx)"
UNGROUPED,Assets/Scripts/Engine/GameEngine.cs,4640,CardInstance.Zone,privacy-bearing write,direct,TODO,TODO,TODO,TODO,TODO,no,"bottomCard.Zone = 'deck'"
UNGROUPED,Assets/Scripts/Engine/GameEngine.cs,4641,Deck,call .Add(),direct,TODO,TODO,TODO,TODO,TODO,no,"owner.Deck.Add(bottomCard)"
UNGROUPED,Assets/Scripts/Engine/GameEngine.cs,4738,Life,call .RemoveAt(),direct,TODO,TODO,TODO,TODO,TODO,no,"owner.Life.RemoveAt(owner.Life.Count - 1)"
UNGROUPED,Assets/Scripts/Engine/GameEngine.cs,4739,CardInstance.Zone,privacy-bearing write,direct,TODO,TODO,TODO,TODO,TODO,no,"revealed.Zone = 'character'"
UNGROUPED,Assets/Scripts/Engine/GameEngine.cs,4739,CardInstance.FaceUp,privacy-bearing write,direct,TODO,TODO,TODO,TODO,TODO,no,"revealed.FaceUp = false"
UNGROUPED,Assets/Scripts/Engine/GameEngine.cs,4740,CharacterArea,indexer assignment,direct,TODO,TODO,TODO,TODO,TODO,no,"owner.CharacterArea[slot] = revealed"
UNGROUPED,Assets/Scripts/Engine/GameEngine.cs,4868,CharacterArea,indexer assignment,direct,TODO,TODO,TODO,TODO,TODO,no,"sOwner.CharacterArea[sIdx] = null"
UNGROUPED,Assets/Scripts/Engine/GameEngine.cs,4869,CardInstance.Zone,privacy-bearing write,direct,TODO,TODO,TODO,TODO,TODO,no,"sTarget.Zone = 'deck'"
UNGROUPED,Assets/Scripts/Engine/GameEngine.cs,4875,Deck,call .Add(),direct,TODO,TODO,TODO,TODO,TODO,no,"sOwner.Deck.Add(sTarget)"
UNGROUPED,Assets/Scripts/Engine/GameEngine.cs,4916,Deck,helper Shift(arg0),interprocedural via Shift,TODO,TODO,TODO,TODO,TODO,no,"Shift(owner.Deck)"
UNGROUPED,Assets/Scripts/Engine/GameEngine.cs,4917,CardInstance.Zone,privacy-bearing write,direct,TODO,TODO,TODO,TODO,TODO,no,"mc.Zone = 'trash'"
UNGROUPED,Assets/Scripts/Engine/GameEngine.cs,4918,Trash,call .Add(),direct,TODO,TODO,TODO,TODO,TODO,no,"owner.Trash.Add(mc)"
UNGROUPED,Assets/Scripts/Engine/GameEngine.cs,5115,CostArea,call .Add(),direct,TODO,TODO,TODO,TODO,TODO,no,"owner.CostArea.Add(don)"
UNGROUPED,Assets/Scripts/Engine/GameEngine.cs,5117,CostArea,call .Add(),direct,TODO,TODO,TODO,TODO,TODO,no,"owner.CostArea.Add(don)"
UNGROUPED,Assets/Scripts/Engine/GameEngine.cs,5157,Trash,call .RemoveAt(),direct,TODO,TODO,TODO,TODO,TODO,no,"owner.Trash.RemoveAt(c86)"
UNGROUPED,Assets/Scripts/Engine/GameEngine.cs,5158,CardInstance.Zone,privacy-bearing write,direct,TODO,TODO,TODO,TODO,TODO,no,"t86.Zone = 'character'"
UNGROUPED,Assets/Scripts/Engine/GameEngine.cs,5161,CharacterArea,indexer assignment,direct,TODO,TODO,TODO,TODO,TODO,no,"owner.CharacterArea[slot86] = t86"
UNGROUPED,Assets/Scripts/Engine/GameEngine.cs,5236,Hand,call .RemoveAt(),direct,TODO,TODO,TODO,TODO,TODO,no,"owner.Hand.RemoveAt(aeIdx)"
UNGROUPED,Assets/Scripts/Engine/GameEngine.cs,5237,CardInstance.Zone,privacy-bearing write,direct,TODO,TODO,TODO,TODO,TODO,no,"aeCard.Zone = 'trash'"
UNGROUPED,Assets/Scripts/Engine/GameEngine.cs,5238,Trash,call .Add(),direct,TODO,TODO,TODO,TODO,TODO,no,"owner.Trash.Add(aeCard)"
UNGROUPED,Assets/Scripts/Engine/GameEngine.cs,5293,Life,helper Pop(arg0),interprocedural via Pop,TODO,TODO,TODO,TODO,TODO,no,"Pop(oppOal.Life)"
UNGROUPED,Assets/Scripts/Engine/GameEngine.cs,5294,CardInstance.Zone,privacy-bearing write,direct,TODO,TODO,TODO,TODO,TODO,no,"lcO.Zone = 'hand'"
UNGROUPED,Assets/Scripts/Engine/GameEngine.cs,5295,Hand,call .Add(),direct,TODO,TODO,TODO,TODO,TODO,no,"oppOal.Hand.Add(lcO)"
UNGROUPED,Assets/Scripts/Engine/GameEngine.cs,5314,CardInstance.Zone,privacy-bearing write,direct,TODO,TODO,TODO,TODO,TODO,no,"hcT.Zone = 'trash'"
UNGROUPED,Assets/Scripts/Engine/GameEngine.cs,5314,Trash,call .Add(),direct,TODO,TODO,TODO,TODO,TODO,no,"owner.Trash.Add(hcT)"
UNGROUPED,Assets/Scripts/Engine/GameEngine.cs,5315,Hand,call .Clear(),direct,TODO,TODO,TODO,TODO,TODO,no,"owner.Hand.Clear()"
UNGROUPED,Assets/Scripts/Engine/GameEngine.cs,5338,Hand,call .RemoveAt(),direct,TODO,TODO,TODO,TODO,TODO,no,"owner.Hand.RemoveAt(tuoIdx)"
UNGROUPED,Assets/Scripts/Engine/GameEngine.cs,5339,CardInstance.Zone,privacy-bearing write,direct,TODO,TODO,TODO,TODO,TODO,no,"tuoCard.Zone = 'trash'"
UNGROUPED,Assets/Scripts/Engine/GameEngine.cs,5340,Trash,call .Add(),direct,TODO,TODO,TODO,TODO,TODO,no,"owner.Trash.Add(tuoCard)"
UNGROUPED,Assets/Scripts/Engine/GameEngine.cs,5356,Life,helper Pop(arg0),interprocedural via Pop,TODO,TODO,TODO,TODO,TODO,no,"Pop(owner.Life)"
UNGROUPED,Assets/Scripts/Engine/GameEngine.cs,5357,CardInstance.Zone,privacy-bearing write,direct,TODO,TODO,TODO,TODO,TODO,no,"lcCut.Zone = 'trash'"
UNGROUPED,Assets/Scripts/Engine/GameEngine.cs,5358,Trash,call .Add(),direct,TODO,TODO,TODO,TODO,TODO,no,"owner.Trash.Add(lcCut)"
UNGROUPED,Assets/Scripts/Engine/GameEngine.cs,5374,Life,helper Pop(arg0),interprocedural via Pop,TODO,TODO,TODO,TODO,TODO,no,"Pop(owner.Life)"
UNGROUPED,Assets/Scripts/Engine/GameEngine.cs,5374,CardInstance.Zone,privacy-bearing write,direct,TODO,TODO,TODO,TODO,TODO,no,"lc.Zone = 'trash'"
UNGROUPED,Assets/Scripts/Engine/GameEngine.cs,5374,Trash,call .Add(),direct,TODO,TODO,TODO,TODO,TODO,no,"owner.Trash.Add(lc)"
UNGROUPED,Assets/Scripts/Engine/GameEngine.cs,5469,Trash,call .RemoveAt(),direct,TODO,TODO,TODO,TODO,TODO,no,"oppTb.Trash.RemoveAt(oppTb.Trash.Count - 1)"
UNGROUPED,Assets/Scripts/Engine/GameEngine.cs,5470,CardInstance.Zone,privacy-bearing write,direct,TODO,TODO,TODO,TODO,TODO,no,"tbC.Zone = 'deck'"
UNGROUPED,Assets/Scripts/Engine/GameEngine.cs,5471,Deck,call .Add(),direct,TODO,TODO,TODO,TODO,TODO,no,"oppTb.Deck.Add(tbC)"
UNGROUPED,Assets/Scripts/Engine/GameEngine.cs,5551,Hand,call .RemoveAt(),direct,TODO,TODO,TODO,TODO,TODO,no,"owner.Hand.RemoveAt(dzH)"
UNGROUPED,Assets/Scripts/Engine/GameEngine.cs,5551,Trash,call .RemoveAt(),direct,TODO,TODO,TODO,TODO,TODO,no,"owner.Trash.RemoveAt(dzT)"
UNGROUPED,Assets/Scripts/Engine/GameEngine.cs,5552,CardInstance.Zone,privacy-bearing write,direct,TODO,TODO,TODO,TODO,TODO,no,"dzCard.Zone = 'character'"
UNGROUPED,Assets/Scripts/Engine/GameEngine.cs,5555,CharacterArea,indexer assignment,direct,TODO,TODO,TODO,TODO,TODO,no,"owner.CharacterArea[dzSlot] = dzCard"
UNGROUPED,Assets/Scripts/Engine/GameEngine.cs,5580,CostArea,call .Remove(),direct,TODO,TODO,TODO,TODO,TODO,no,"owner.CostArea.Remove(d)"
UNGROUPED,Assets/Scripts/Engine/GameEngine.cs,5605,CostArea,call .Remove(),direct,TODO,TODO,TODO,TODO,TODO,no,"owner.CostArea.Remove(d)"
UNGROUPED,Assets/Scripts/Engine/GameEngine.cs,5726,CharacterArea,indexer assignment,direct,TODO,TODO,TODO,TODO,TODO,no,"pw.CharacterArea[i] = null"
UNGROUPED,Assets/Scripts/Engine/GameEngine.cs,5727,CardInstance.Zone,privacy-bearing write,direct,TODO,TODO,TODO,TODO,TODO,no,"cw.Zone = 'deck'"
UNGROUPED,Assets/Scripts/Engine/GameEngine.cs,5729,Deck,call .Add(),direct,TODO,TODO,TODO,TODO,TODO,no,"pw.Deck.Add(cw)"
UNGROUPED,Assets/Scripts/Engine/GameEngine.cs,5744,CharacterArea,indexer assignment,direct,TODO,TODO,TODO,TODO,TODO,no,"owner.CharacterArea[i] = null"
UNGROUPED,Assets/Scripts/Engine/GameEngine.cs,5745,CardInstance.Zone,privacy-bearing write,direct,TODO,TODO,TODO,TODO,TODO,no,"cs.Zone = 'deck'"
UNGROUPED,Assets/Scripts/Engine/GameEngine.cs,5747,Deck,call .Add(),direct,TODO,TODO,TODO,TODO,TODO,no,"owner.Deck.Add(cs)"
UNGROUPED,Assets/Scripts/Engine/GameEngine.cs,5833,CharacterArea,indexer assignment,direct,TODO,TODO,TODO,TODO,TODO,no,"oppPl.CharacterArea[i] = null"
UNGROUPED,Assets/Scripts/Engine/GameEngine.cs,5834,CardInstance.Zone,privacy-bearing write,direct,TODO,TODO,TODO,TODO,TODO,no,"cp2.Zone = 'deck'"
UNGROUPED,Assets/Scripts/Engine/GameEngine.cs,5836,Deck,call .Add(),direct,TODO,TODO,TODO,TODO,TODO,no,"oppPl.Deck.Add(cp2)"
UNGROUPED,Assets/Scripts/Engine/GameEngine.cs,5887,Trash,call .RemoveAt(),direct,TODO,TODO,TODO,TODO,TODO,no,"owner.Trash.RemoveAt(anIdx)"
UNGROUPED,Assets/Scripts/Engine/GameEngine.cs,5888,CardInstance.Zone,privacy-bearing write,direct,TODO,TODO,TODO,TODO,TODO,no,"anCard.Zone = 'deck'"
UNGROUPED,Assets/Scripts/Engine/GameEngine.cs,5889,Deck,call .Add(),direct,TODO,TODO,TODO,TODO,TODO,no,"owner.Deck.Add(anCard)"
UNGROUPED,Assets/Scripts/Engine/GameEngine.cs,5916,CharacterArea,indexer assignment,direct,TODO,TODO,TODO,TODO,TODO,no,"sbP.CharacterArea[sbI] = null"
UNGROUPED,Assets/Scripts/Engine/GameEngine.cs,5917,CardInstance.Zone,privacy-bearing write,direct,TODO,TODO,TODO,TODO,TODO,no,"selfBot.Zone = 'deck'"
UNGROUPED,Assets/Scripts/Engine/GameEngine.cs,5919,Deck,call .Add(),direct,TODO,TODO,TODO,TODO,TODO,no,"sbP.Deck.Add(selfBot)"
UNGROUPED,Assets/Scripts/Engine/GameEngine.cs,5954,Trash,call .RemoveAt(),direct,TODO,TODO,TODO,TODO,TODO,no,"owner.Trash.RemoveAt(selfIdx)"
UNGROUPED,Assets/Scripts/Engine/GameEngine.cs,5955,CardInstance.Zone,privacy-bearing write,direct,TODO,TODO,TODO,TODO,TODO,no,"reviv.Zone = 'character'"
UNGROUPED,Assets/Scripts/Engine/GameEngine.cs,5957,CharacterArea,indexer assignment,direct,TODO,TODO,TODO,TODO,TODO,no,"owner.CharacterArea[selfSlot] = reviv"
UNGROUPED,Assets/Scripts/Engine/GameEngine.cs,5972,Trash,call .RemoveAt(),direct,TODO,TODO,TODO,TODO,TODO,no,"owner.Trash.RemoveAt(selfIdx)"
UNGROUPED,Assets/Scripts/Engine/GameEngine.cs,5973,CardInstance.Zone,privacy-bearing write,direct,TODO,TODO,TODO,TODO,TODO,no,"back.Zone = 'hand'"
UNGROUPED,Assets/Scripts/Engine/GameEngine.cs,5976,Hand,call .Add(),direct,TODO,TODO,TODO,TODO,TODO,no,"owner.Hand.Add(back)"
UNGROUPED,Assets/Scripts/Engine/GameEngine.cs,5990,CostArea,call .Add(),direct,TODO,TODO,TODO,TODO,TODO,no,"oppMd.CostArea.Add(CreateDonInstance(OtherSeat(effect.Seat), oppMd))"
UNGROUPED,Assets/Scripts/Engine/GameEngine.cs,6014,CostArea,call .Remove(),direct,TODO,TODO,TODO,TODO,TODO,no,"oppGd.CostArea.Remove(rd2)"
UNGROUPED,Assets/Scripts/Engine/GameEngine.cs,6088,Hand,call .RemoveAt(),direct,TODO,TODO,TODO,TODO,TODO,no,"owner.Hand.RemoveAt(tuIdx)"
UNGROUPED,Assets/Scripts/Engine/GameEngine.cs,6089,CardInstance.Zone,privacy-bearing write,direct,TODO,TODO,TODO,TODO,TODO,no,"tuCard.Zone = 'trash'"
UNGROUPED,Assets/Scripts/Engine/GameEngine.cs,6090,Trash,call .Add(),direct,TODO,TODO,TODO,TODO,TODO,no,"owner.Trash.Add(tuCard)"
UNGROUPED,Assets/Scripts/Engine/GameEngine.cs,6256,Trash,call .RemoveAt(),direct,TODO,TODO,TODO,TODO,TODO,no,"owner.Trash.RemoveAt(ti)"
UNGROUPED,Assets/Scripts/Engine/GameEngine.cs,6257,CardInstance.Zone,privacy-bearing write,direct,TODO,TODO,TODO,TODO,TODO,no,"tlCard.Zone = 'life'"
UNGROUPED,Assets/Scripts/Engine/GameEngine.cs,6258,CardInstance.FaceUp,privacy-bearing write,direct,TODO,TODO,TODO,TODO,TODO,no,"tlCard.FaceUp = true"
UNGROUPED,Assets/Scripts/Engine/GameEngine.cs,6259,Life,call .Add(),direct,TODO,TODO,TODO,TODO,TODO,no,"owner.Life.Add(tlCard)"
UNGROUPED,Assets/Scripts/Engine/GameEngine.cs,6293,CardInstance.Zone,privacy-bearing write,direct,TODO,TODO,TODO,TODO,TODO,no,"mc.Zone = 'deck'"
UNGROUPED,Assets/Scripts/Engine/GameEngine.cs,6294,Deck,call .Add(),direct,TODO,TODO,TODO,TODO,TODO,no,"oppOb.Deck.Add(mc)"
UNGROUPED,Assets/Scripts/Engine/GameEngine.cs,6324,CardInstance.Zone,privacy-bearing write,direct,TODO,TODO,TODO,TODO,TODO,no,"lc.Zone = 'look'"
UNGROUPED,Assets/Scripts/Engine/GameEngine.cs,6325,DeckLookState.Cards,call .Add(),direct,TODO,TODO,TODO,TODO,TODO,no,"dlLife.Cards.Add(lc)"
UNGROUPED,Assets/Scripts/Engine/GameEngine.cs,6327,Life,call .Clear(),direct,TODO,TODO,TODO,TODO,TODO,no,"owner.Life.Clear()"
UNGROUPED,Assets/Scripts/Engine/GameEngine.cs,6328,GameState.DeckLook,privacy-bearing write,direct,TODO,TODO,TODO,TODO,TODO,no,"state.DeckLook = dlLife"
UNGROUPED,Assets/Scripts/Engine/GameEngine.cs,6346,Hand,call .RemoveAt(),direct,TODO,TODO,TODO,TODO,TODO,no,"oppOc.Hand.RemoveAt(oppOc.Hand.Count - 1)"
UNGROUPED,Assets/Scripts/Engine/GameEngine.cs,6347,CardInstance.Zone,privacy-bearing write,direct,TODO,TODO,TODO,TODO,TODO,no,"hc.Zone = 'trash'"
UNGROUPED,Assets/Scripts/Engine/GameEngine.cs,6348,Trash,call .Add(),direct,TODO,TODO,TODO,TODO,TODO,no,"oppOc.Trash.Add(hc)"
UNGROUPED,Assets/Scripts/Engine/GameEngine.cs,6376,Hand,call .RemoveAt(),direct,TODO,TODO,TODO,TODO,TODO,no,"oppOt2.Hand.RemoveAt(hi)"
UNGROUPED,Assets/Scripts/Engine/GameEngine.cs,6377,CardInstance.Zone,privacy-bearing write,direct,TODO,TODO,TODO,TODO,TODO,no,"hc.Zone = 'trash'"
UNGROUPED,Assets/Scripts/Engine/GameEngine.cs,6378,Trash,call .Add(),direct,TODO,TODO,TODO,TODO,TODO,no,"oppOt2.Trash.Add(hc)"
UNGROUPED,Assets/Scripts/Engine/GameEngine.cs,6401,Hand,call .RemoveAt(),direct,TODO,TODO,TODO,TODO,TODO,no,"owner.Hand.RemoveAt(owner.Hand.Count - 1)"
UNGROUPED,Assets/Scripts/Engine/GameEngine.cs,6402,CardInstance.Zone,privacy-bearing write,direct,TODO,TODO,TODO,TODO,TODO,no,"hc2.Zone = 'trash'"
UNGROUPED,Assets/Scripts/Engine/GameEngine.cs,6403,Trash,call .Add(),direct,TODO,TODO,TODO,TODO,TODO,no,"owner.Trash.Add(hc2)"
UNGROUPED,Assets/Scripts/Engine/GameEngine.cs,6426,CardInstance.Zone,privacy-bearing write,direct,TODO,TODO,TODO,TODO,TODO,no,"hcR.Zone = 'deck'"
UNGROUPED,Assets/Scripts/Engine/GameEngine.cs,6426,Deck,call .Add(),direct,TODO,TODO,TODO,TODO,TODO,no,"oppRs.Deck.Add(hcR)"
UNGROUPED,Assets/Scripts/Engine/GameEngine.cs,6427,Hand,call .Clear(),direct,TODO,TODO,TODO,TODO,TODO,no,"oppRs.Hand.Clear()"
UNGROUPED,Assets/Scripts/Engine/GameEngine.cs,6428,Deck,helper ShuffleInPlace(arg0),interprocedural via ShuffleInPlace,TODO,TODO,TODO,TODO,TODO,no,"ShuffleInPlace(oppRs.Deck, $'{state.Seed}:{OtherSeat(effect.Seat)}:handshuffle:{state.Effe…"
UNGROUPED,Assets/Scripts/Engine/GameEngine.cs,6551,Life,call .RemoveAt(),direct,TODO,TODO,TODO,TODO,TODO,no,"owner.Life.RemoveAt(owner.Life.Count - 1)"
UNGROUPED,Assets/Scripts/Engine/GameEngine.cs,6552,CardInstance.Zone,privacy-bearing write,direct,TODO,TODO,TODO,TODO,TODO,no,"lc2.Zone = 'hand'"
UNGROUPED,Assets/Scripts/Engine/GameEngine.cs,6553,Hand,call .Add(),direct,TODO,TODO,TODO,TODO,TODO,no,"owner.Hand.Add(lc2)"
UNGROUPED,Assets/Scripts/Engine/GameEngine.cs,6568,Life,helper Pop(arg0),interprocedural via Pop,TODO,TODO,TODO,TODO,TODO,no,"Pop(oppOl.Life)"
UNGROUPED,Assets/Scripts/Engine/GameEngine.cs,6569,CardInstance.Zone,privacy-bearing write,direct,TODO,TODO,TODO,TODO,TODO,no,"lc3.Zone = 'hand'"
UNGROUPED,Assets/Scripts/Engine/GameEngine.cs,6570,Hand,call .Add(),direct,TODO,TODO,TODO,TODO,TODO,no,"oppOl.Hand.Add(lc3)"
UNGROUPED,Assets/Scripts/Engine/GameEngine.cs,6597,Hand,call .RemoveAt(),direct,TODO,TODO,TODO,TODO,TODO,no,"owner.Hand.RemoveAt(hlIdx)"
UNGROUPED,Assets/Scripts/Engine/GameEngine.cs,6598,CardInstance.Zone,privacy-bearing write,direct,TODO,TODO,TODO,TODO,TODO,no,"hlCard.Zone = 'life'"
UNGROUPED,Assets/Scripts/Engine/GameEngine.cs,6599,CardInstance.FaceUp,privacy-bearing write,direct,TODO,TODO,TODO,TODO,TODO,no,"hlCard.FaceUp = ContainsAll(text, 'face-up')"
UNGROUPED,Assets/Scripts/Engine/GameEngine.cs,6600,Life,call .Add(),direct,TODO,TODO,TODO,TODO,TODO,no,"owner.Life.Add(hlCard)"
UNGROUPED,Assets/Scripts/Engine/GameEngine.cs,6637,CharacterArea,indexer assignment,direct,TODO,TODO,TODO,TODO,TODO,no,"flOwner.CharacterArea[flIdx] = null"
UNGROUPED,Assets/Scripts/Engine/GameEngine.cs,6638,CardInstance.Zone,privacy-bearing write,direct,TODO,TODO,TODO,TODO,TODO,no,"flT.Zone = 'life'"
UNGROUPED,Assets/Scripts/Engine/GameEngine.cs,6642,CardInstance.FaceUp,privacy-bearing write,direct,TODO,TODO,TODO,TODO,TODO,no,"flT.FaceUp = ContainsAll(text, 'face-up')"
UNGROUPED,Assets/Scripts/Engine/GameEngine.cs,6644,Life,call .Add(),direct,TODO,TODO,TODO,TODO,TODO,no,"flOwner.Life.Add(flT)"
UNGROUPED,Assets/Scripts/Engine/GameEngine.cs,6670,Life,call .RemoveAt(),direct,TODO,TODO,TODO,TODO,TODO,no,"owner.Life.RemoveAt(i)"
UNGROUPED,Assets/Scripts/Engine/GameEngine.cs,6671,CardInstance.Zone,privacy-bearing write,direct,TODO,TODO,TODO,TODO,TODO,no,"fuCard.Zone = 'trash'"
UNGROUPED,Assets/Scripts/Engine/GameEngine.cs,6672,Trash,call .Add(),direct,TODO,TODO,TODO,TODO,TODO,no,"owner.Trash.Add(fuCard)"
UNGROUPED,Assets/Scripts/Engine/GameEngine.cs,6682,CardInstance.FaceUp,privacy-bearing write,direct,TODO,TODO,TODO,TODO,TODO,no,"lcF.FaceUp = toUp"
UNGROUPED,Assets/Scripts/Engine/GameEngine.cs,7067,Deck,helper Shift(arg0),interprocedural via Shift,TODO,TODO,TODO,TODO,TODO,no,"Shift(owner.Deck)"
UNGROUPED,Assets/Scripts/Engine/GameEngine.cs,7068,CardInstance.Zone,privacy-bearing write,direct,TODO,TODO,TODO,TODO,TODO,no,"revealed.Zone = 'character'"
UNGROUPED,Assets/Scripts/Engine/GameEngine.cs,7071,CharacterArea,indexer assignment,direct,TODO,TODO,TODO,TODO,TODO,no,"owner.CharacterArea[slotRv] = revealed"
UNGROUPED,Assets/Scripts/Engine/GameEngine.cs,7081,Deck,helper Shift(arg0),interprocedural via Shift,TODO,TODO,TODO,TODO,TODO,no,"Shift(owner.Deck)"
UNGROUPED,Assets/Scripts/Engine/GameEngine.cs,7082,CardInstance.Zone,privacy-bearing write,direct,TODO,TODO,TODO,TODO,TODO,no,"revealed.Zone = 'hand'"
UNGROUPED,Assets/Scripts/Engine/GameEngine.cs,7083,Hand,call .Add(),direct,TODO,TODO,TODO,TODO,TODO,no,"owner.Hand.Add(revealed)"
UNGROUPED,Assets/Scripts/Engine/GameEngine.cs,7407,Hand,call .RemoveAt(),direct,TODO,TODO,TODO,TODO,TODO,no,"owner.Hand.RemoveAt(mtIdx)"
UNGROUPED,Assets/Scripts/Engine/GameEngine.cs,7408,CardInstance.Zone,privacy-bearing write,direct,TODO,TODO,TODO,TODO,TODO,no,"mtCard.Zone = 'trash'"
UNGROUPED,Assets/Scripts/Engine/GameEngine.cs,7409,Trash,call .Add(),direct,TODO,TODO,TODO,TODO,TODO,no,"owner.Trash.Add(mtCard)"
UNGROUPED,Assets/Scripts/Engine/GameEngine.cs,7443,Hand,call .RemoveAt(),direct,TODO,TODO,TODO,TODO,TODO,no,"owner.Hand.RemoveAt(pdIdx)"
UNGROUPED,Assets/Scripts/Engine/GameEngine.cs,7444,CardInstance.Zone,privacy-bearing write,direct,TODO,TODO,TODO,TODO,TODO,no,"pdCard.Zone = 'deck'"
UNGROUPED,Assets/Scripts/Engine/GameEngine.cs,7445,Deck,call .Insert(),direct,TODO,TODO,TODO,TODO,TODO,no,"owner.Deck.Insert(0, pdCard)"
UNGROUPED,Assets/Scripts/Engine/GameEngine.cs,7445,Deck,call .Add(),direct,TODO,TODO,TODO,TODO,TODO,no,"owner.Deck.Add(pdCard)"
UNGROUPED,Assets/Scripts/Engine/GameEngine.cs,7466,Hand,call .RemoveAt(),direct,TODO,TODO,TODO,TODO,TODO,no,"oppOt.Hand.RemoveAt(oppOt.Hand.Count - 1)"
UNGROUPED,Assets/Scripts/Engine/GameEngine.cs,7467,CardInstance.Zone,privacy-bearing write,direct,TODO,TODO,TODO,TODO,TODO,no,"oc.Zone = 'trash'"
UNGROUPED,Assets/Scripts/Engine/GameEngine.cs,7468,Trash,call .Add(),direct,TODO,TODO,TODO,TODO,TODO,no,"oppOt.Trash.Add(oc)"
UNGROUPED,Assets/Scripts/Engine/GameEngine.cs,7680,Life,helper Pop(arg0),interprocedural via Pop,TODO,TODO,TODO,TODO,TODO,no,"Pop(oppDmg.Life)"
UNGROUPED,Assets/Scripts/Engine/GameEngine.cs,7687,CardInstance.Zone,privacy-bearing write,direct,TODO,TODO,TODO,TODO,TODO,no,"lifeD.Zone = 'hand'"
UNGROUPED,Assets/Scripts/Engine/GameEngine.cs,7688,Hand,call .Add(),direct,TODO,TODO,TODO,TODO,TODO,no,"oppDmg.Hand.Add(lifeD)"
UNGROUPED,Assets/Scripts/Engine/GameEngine.cs,7713,CostArea,call .Remove(),direct,TODO,TODO,TODO,TODO,TODO,no,"owner.CostArea.Remove(rd)"
UNGROUPED,Assets/Scripts/Engine/GameEngine.cs,7732,CostArea,call .Remove(),direct,TODO,TODO,TODO,TODO,TODO,no,"owner.CostArea.Remove(d)"
UNGROUPED,Assets/Scripts/Engine/GameEngine.cs,7803,CostArea,whole-field replacement,direct,TODO,TODO,TODO,TODO,TODO,no,"owner.CostArea = owner.CostArea.Where(d => !movingIds.Contains(d.InstanceId)).ToList()"
UNGROUPED,Assets/Scripts/Engine/GameEngine.cs,8067,Hand,call .RemoveAt(),direct,TODO,TODO,TODO,TODO,TODO,no,"p.Hand.RemoveAt(handIdx)"
UNGROUPED,Assets/Scripts/Engine/GameEngine.cs,8068,CardInstance.Zone,privacy-bearing write,direct,TODO,TODO,TODO,TODO,TODO,no,"trashed.Zone = 'trash'"
UNGROUPED,Assets/Scripts/Engine/GameEngine.cs,8069,Trash,call .Add(),direct,TODO,TODO,TODO,TODO,TODO,no,"p.Trash.Add(trashed)"
UNGROUPED,Assets/Scripts/Engine/GameEngine.cs,8095,Hand,call .RemoveAt(),direct,TODO,TODO,TODO,TODO,TODO,no,"p.Hand.RemoveAt(handIdx)"
UNGROUPED,Assets/Scripts/Engine/GameEngine.cs,8102,Hand,call .Insert(),direct,TODO,TODO,TODO,TODO,TODO,no,"p.Hand.Insert(handIdx, handCard)"
UNGROUPED,Assets/Scripts/Engine/GameEngine.cs,8106,CardInstance.Zone,privacy-bearing write,direct,TODO,TODO,TODO,TODO,TODO,no,"handCard.Zone = 'character'"
UNGROUPED,Assets/Scripts/Engine/GameEngine.cs,8107,CharacterArea,indexer assignment,direct,TODO,TODO,TODO,TODO,TODO,no,"p.CharacterArea[openSlot] = handCard"
UNGROUPED,Assets/Scripts/Engine/GameEngine.cs,8113,CardInstance.Zone,privacy-bearing write,direct,TODO,TODO,TODO,TODO,TODO,no,"handCard.Zone = 'trash'"
UNGROUPED,Assets/Scripts/Engine/GameEngine.cs,8114,Trash,call .Add(),direct,TODO,TODO,TODO,TODO,TODO,no,"p.Trash.Add(handCard)"
UNGROUPED,Assets/Scripts/Engine/GameEngine.cs,8178,Hand,call .RemoveAt(),direct,TODO,TODO,TODO,TODO,TODO,no,"pH.Hand.RemoveAt(hIdx2)"
UNGROUPED,Assets/Scripts/Engine/GameEngine.cs,8185,Hand,call .Insert(),direct,TODO,TODO,TODO,TODO,TODO,no,"pH.Hand.Insert(hIdx2, playCard)"
UNGROUPED,Assets/Scripts/Engine/GameEngine.cs,8189,CardInstance.Zone,privacy-bearing write,direct,TODO,TODO,TODO,TODO,TODO,no,"playCard.Zone = 'character'"
UNGROUPED,Assets/Scripts/Engine/GameEngine.cs,8190,CharacterArea,indexer assignment,direct,TODO,TODO,TODO,TODO,TODO,no,"pH.CharacterArea[openH] = playCard"
UNGROUPED,Assets/Scripts/Engine/GameEngine.cs,8197,CardInstance.Zone,privacy-bearing write,direct,TODO,TODO,TODO,TODO,TODO,no,"playCard.Zone = 'stage'"
UNGROUPED,Assets/Scripts/Engine/GameEngine.cs,8198,Stage,whole-field replacement,direct,TODO,TODO,TODO,TODO,TODO,no,"pH.Stage = playCard"
UNGROUPED,Assets/Scripts/Engine/GameEngine.cs,8202,CardInstance.Zone,privacy-bearing write,direct,TODO,TODO,TODO,TODO,TODO,no,"playCard.Zone = 'trash'"
UNGROUPED,Assets/Scripts/Engine/GameEngine.cs,8203,Trash,call .Add(),direct,TODO,TODO,TODO,TODO,TODO,no,"pH.Trash.Add(playCard)"
UNGROUPED,Assets/Scripts/Engine/GameEngine.cs,8442,Life,call .RemoveAt(),direct,TODO,TODO,TODO,TODO,TODO,no,"owner.Life.RemoveAt(li)"
UNGROUPED,Assets/Scripts/Engine/GameEngine.cs,8443,CardInstance.Zone,privacy-bearing write,direct,TODO,TODO,TODO,TODO,TODO,no,"lifeCard.Zone = 'hand'"
UNGROUPED,Assets/Scripts/Engine/GameEngine.cs,8444,Hand,call .Add(),direct,TODO,TODO,TODO,TODO,TODO,no,"owner.Hand.Add(lifeCard)"
UNGROUPED,Assets/Scripts/Engine/GameEngine.cs,8459,Deck,helper Shift(arg0),interprocedural via Shift,TODO,TODO,TODO,TODO,TODO,no,"Shift(owner.Deck)"
UNGROUPED,Assets/Scripts/Engine/GameEngine.cs,8460,CardInstance.Zone,privacy-bearing write,direct,TODO,TODO,TODO,TODO,TODO,no,"lc.Zone = 'life'"
UNGROUPED,Assets/Scripts/Engine/GameEngine.cs,8461,Life,call .Add(),direct,TODO,TODO,TODO,TODO,TODO,no,"owner.Life.Add(lc)"
UNGROUPED,Assets/Scripts/Engine/GameEngine.cs,8487,Life,helper Pop(arg0),interprocedural via Pop,TODO,TODO,TODO,TODO,TODO,no,"Pop(oppLifeP.Life)"
UNGROUPED,Assets/Scripts/Engine/GameEngine.cs,8488,CardInstance.Zone,privacy-bearing write,direct,TODO,TODO,TODO,TODO,TODO,no,"tl.Zone = 'trash'"
UNGROUPED,Assets/Scripts/Engine/GameEngine.cs,8489,Trash,call .Add(),direct,TODO,TODO,TODO,TODO,TODO,no,"oppLifeP.Trash.Add(tl)"
UNGROUPED,Assets/Scripts/Engine/GameEngine.cs,8506,Deck,helper Shift(arg0),interprocedural via Shift,TODO,TODO,TODO,TODO,TODO,no,"Shift(p2.Deck)"
UNGROUPED,Assets/Scripts/Engine/GameEngine.cs,8507,CardInstance.Zone,privacy-bearing write,direct,TODO,TODO,TODO,TODO,TODO,no,"lifeCard.Zone = 'life'"
UNGROUPED,Assets/Scripts/Engine/GameEngine.cs,8508,Life,call .Add(),direct,TODO,TODO,TODO,TODO,TODO,no,"p2.Life.Add(lifeCard)"
UNGROUPED,Assets/Scripts/Engine/GameEngine.cs,8524,Deck,helper Shift(arg0),interprocedural via Shift,TODO,TODO,TODO,TODO,TODO,no,"Shift(p3.Deck)"
UNGROUPED,Assets/Scripts/Engine/GameEngine.cs,8525,CardInstance.Zone,privacy-bearing write,direct,TODO,TODO,TODO,TODO,TODO,no,"millCard.Zone = 'trash'"
UNGROUPED,Assets/Scripts/Engine/GameEngine.cs,8526,Trash,call .Add(),direct,TODO,TODO,TODO,TODO,TODO,no,"p3.Trash.Add(millCard)"
UNGROUPED,Assets/Scripts/Engine/GameEngine.cs,8575,Trash,call .RemoveAt(),direct,TODO,TODO,TODO,TODO,TODO,no,"p4.Trash.RemoveAt(trashIdx)"
UNGROUPED,Assets/Scripts/Engine/GameEngine.cs,8582,Trash,call .Insert(),direct,TODO,TODO,TODO,TODO,TODO,no,"p4.Trash.Insert(trashIdx, trashCard)"
UNGROUPED,Assets/Scripts/Engine/GameEngine.cs,8586,CardInstance.Zone,privacy-bearing write,direct,TODO,TODO,TODO,TODO,TODO,no,"trashCard.Zone = 'character'"
UNGROUPED,Assets/Scripts/Engine/GameEngine.cs,8587,CharacterArea,indexer assignment,direct,TODO,TODO,TODO,TODO,TODO,no,"p4.CharacterArea[openSlot2] = trashCard"
UNGROUPED,Assets/Scripts/Engine/GameEngine.cs,8594,CardInstance.Zone,privacy-bearing write,direct,TODO,TODO,TODO,TODO,TODO,no,"trashCard.Zone = 'stage'"
UNGROUPED,Assets/Scripts/Engine/GameEngine.cs,8595,Stage,whole-field replacement,direct,TODO,TODO,TODO,TODO,TODO,no,"p4.Stage = trashCard"
UNGROUPED,Assets/Scripts/Engine/GameEngine.cs,8621,Hand,call .RemoveAt(),direct,TODO,TODO,TODO,TODO,TODO,no,"oppP.Hand.RemoveAt(oppP.Hand.Count - 1)"
UNGROUPED,Assets/Scripts/Engine/GameEngine.cs,8622,CardInstance.Zone,privacy-bearing write,direct,TODO,TODO,TODO,TODO,TODO,no,"dc.Zone = 'trash'"
UNGROUPED,Assets/Scripts/Engine/GameEngine.cs,8623,Trash,call .Add(),direct,TODO,TODO,TODO,TODO,TODO,no,"oppP.Trash.Add(dc)"
UNGROUPED,Assets/Scripts/Engine/GameEngine.cs,8644,Hand,call .RemoveAt(),direct,TODO,TODO,TODO,TODO,TODO,no,"p5.Hand.RemoveAt(hIdx)"
UNGROUPED,Assets/Scripts/Engine/GameEngine.cs,8645,CardInstance.Zone,privacy-bearing write,direct,TODO,TODO,TODO,TODO,TODO,no,"discarded.Zone = 'trash'"
UNGROUPED,Assets/Scripts/Engine/GameEngine.cs,8646,Trash,call .Add(),direct,TODO,TODO,TODO,TODO,TODO,no,"p5.Trash.Add(discarded)"
UNGROUPED,Assets/Scripts/Engine/GameEngine.cs,8879,Trash,call .RemoveAt(),direct,TODO,TODO,TODO,TODO,TODO,no,"p6.Trash.RemoveAt(trashIdx2)"
UNGROUPED,Assets/Scripts/Engine/GameEngine.cs,8880,CardInstance.Zone,privacy-bearing write,direct,TODO,TODO,TODO,TODO,TODO,no,"addCard.Zone = 'hand'"
UNGROUPED,Assets/Scripts/Engine/GameEngine.cs,8881,Hand,call .Add(),direct,TODO,TODO,TODO,TODO,TODO,no,"p6.Hand.Add(addCard)"
UNGROUPED,Assets/Scripts/Engine/GameEngine.cs,8997,CardInstance.Zone,privacy-bearing write,direct,TODO,TODO,TODO,TODO,TODO,no,"cardFromLife.Zone = 'character'"
UNGROUPED,Assets/Scripts/Engine/GameEngine.cs,8999,CharacterArea,indexer assignment,direct,TODO,TODO,TODO,TODO,TODO,no,"defender.CharacterArea[openSlot] = cardFromLife"
UNGROUPED,Assets/Scripts/Engine/GameEngine.cs,9031,CardInstance.Zone,privacy-bearing write,direct,TODO,TODO,TODO,TODO,TODO,no,"cardFromLife.Zone = 'trash'"
UNGROUPED,Assets/Scripts/Engine/GameEngine.cs,9032,Trash,call .Add(),direct,TODO,TODO,TODO,TODO,TODO,no,"Player(state, defenderSeat).Trash.Add(cardFromLife)"
UNGROUPED,Assets/Scripts/Engine/GameEngine.cs,9057,CardInstance.Zone,privacy-bearing write,direct,TODO,TODO,TODO,TODO,TODO,no,"cardFromLife.Zone = 'trash'"
UNGROUPED,Assets/Scripts/Engine/GameEngine.cs,9058,Trash,call .Add(),direct,TODO,TODO,TODO,TODO,TODO,no,"Player(state, defenderSeat).Trash.Add(cardFromLife)"
UNGROUPED,Assets/Scripts/Engine/GameEngine.cs,9086,CardInstance.Zone,privacy-bearing write,direct,TODO,TODO,TODO,TODO,TODO,no,"cardFromLife.Zone = 'trash'"
UNGROUPED,Assets/Scripts/Engine/GameEngine.cs,9087,Trash,call .Add(),direct,TODO,TODO,TODO,TODO,TODO,no,"Player(state, defenderSeat).Trash.Add(cardFromLife)"
UNGROUPED,Assets/Scripts/Engine/GameEngine.cs,9093,CardInstance.Zone,privacy-bearing write,direct,TODO,TODO,TODO,TODO,TODO,no,"cardFromLife.Zone = 'hand'"
UNGROUPED,Assets/Scripts/Engine/GameEngine.cs,9094,Hand,call .Add(),direct,TODO,TODO,TODO,TODO,TODO,no,"Player(state, defenderSeat).Hand.Add(cardFromLife)"
UNGROUPED,Assets/Scripts/Engine/GameEngine.cs,9311,CardInstance.Zone,privacy-bearing write,direct,TODO,TODO,TODO,TODO,TODO,no,"card.Zone = 'trash'"
UNGROUPED,Assets/Scripts/Engine/GameEngine.cs,9313,Trash,call .Add(),direct,TODO,TODO,TODO,TODO,TODO,no,"p.Trash.Add(card)"
UNGROUPED,Assets/Scripts/Engine/GameEngine.cs,9322,CharacterArea,indexer assignment,direct,TODO,TODO,TODO,TODO,TODO,no,"p.CharacterArea[charIndex] = null"
UNGROUPED,Assets/Scripts/Engine/GameEngine.cs,9323,CardInstance.Zone,privacy-bearing write,direct,TODO,TODO,TODO,TODO,TODO,no,"card.Zone = 'trash'"
UNGROUPED,Assets/Scripts/Engine/GameEngine.cs,9327,Trash,call .Add(),direct,TODO,TODO,TODO,TODO,TODO,no,"p.Trash.Add(card)"
UNGROUPED,Assets/Scripts/Engine/GameEngine.cs,9337,Stage,whole-field replacement,direct,TODO,TODO,TODO,TODO,TODO,no,"p.Stage = null"
UNGROUPED,Assets/Scripts/Engine/GameEngine.cs,9338,CardInstance.Zone,privacy-bearing write,direct,TODO,TODO,TODO,TODO,TODO,no,"card.Zone = 'trash'"
UNGROUPED,Assets/Scripts/Engine/GameEngine.cs,9341,Trash,call .Add(),direct,TODO,TODO,TODO,TODO,TODO,no,"p.Trash.Add(card)"
UNGROUPED,Assets/Scripts/Engine/GameEngine.cs,9354,CharacterArea,indexer assignment,direct,TODO,TODO,TODO,TODO,TODO,no,"p.CharacterArea[idx] = null"
UNGROUPED,Assets/Scripts/Engine/GameEngine.cs,9356,Stage,whole-field replacement,direct,TODO,TODO,TODO,TODO,TODO,no,"p.Stage = null"
UNGROUPED,Assets/Scripts/Engine/GameEngine.cs,9357,CardInstance.Zone,privacy-bearing write,direct,TODO,TODO,TODO,TODO,TODO,no,"card.Zone = 'hand'"
UNGROUPED,Assets/Scripts/Engine/GameEngine.cs,9360,Hand,call .Add(),direct,TODO,TODO,TODO,TODO,TODO,no,"p.Hand.Add(card)"
